Title, Sub Title, Price, Image Url, Description
Supreme¬Æ/Vanson Leathers¬Æ Perforated Bomber Jacket,Green,•110000,https://assets.supremenewyork.com/184829/ma/UdOuR0JdzFg.jpg,Perforated cowhide leather with cotton blend lining. Full zip closure with welt hand pockets at lower front and interior chest pockets. Knit rib collar cuffs and hem with embroidered logo patches on sleeve. Made exclusively for Supreme.
Supreme¬Æ/Vanson Leathers¬Æ Perforated Bomber Jacket,Black,•110000,https://assets.supremenewyork.com/184833/ma/WIlVIFokOA8.jpg,Perforated cowhide leather with cotton blend lining. Full zip closure with welt hand pockets at lower front and interior chest pockets. Knit rib collar cuffs and hem with embroidered logo patches on sleeve. Made exclusively for Supreme.
Supreme¬Æ/Vanson Leathers¬Æ Perforated Bomber Jacket,White,•110000,https://assets.supremenewyork.com/184825/ma/yAlAWuekJaQ.jpg,Perforated cowhide leather with cotton blend lining. Full zip closure with welt hand pockets at lower front and interior chest pockets. Knit rib collar cuffs and hem with embroidered logo patches on sleeve. Made exclusively for Supreme.
GORE-TEX Anorak,Rammellzee Yellow,•63800,https://assets.supremenewyork.com/184782/ma/PStT5YaNEZQ.jpg,Waterproof breathable GORE-TEX poly 2-layer shell with embossed logo lining. Half zip closure with snap and velcro placket. Zip hand pockets at lower front with zip chest pocket. Interior elastic shockcords at packable hood and hem. Velcro tab adjusters at cuffs and D-ring tab at chest. Embroidered logos on chest hood sleeve and back neck. Original artwork by Rammellzee.
GORE-TEX Anorak,Rammellzee Red,•63800,https://assets.supremenewyork.com/184786/ma/TzMuyAb6BQo.jpg,Waterproof breathable GORE-TEX poly 2-layer shell with embossed logo lining. Half zip closure with snap and velcro placket. Zip hand pockets at lower front with zip chest pocket. Interior elastic shockcords at packable hood and hem. Velcro tab adjusters at cuffs and D-ring tab at chest. Embroidered logos on chest hood sleeve and back neck. Original artwork by Rammellzee.
GORE-TEX Anorak,Black,•63800,https://assets.supremenewyork.com/184799/ma/7NmDFsUX4u8.jpg,Waterproof breathable GORE-TEX nylon 2-layer shell with embossed logo lining. Half zip closure with snap and velcro placket. Zip hand pockets at lower front with zip chest pocket. Interior elastic shockcords at packable hood and hem. Velcro tab adjusters at cuffs and D-ring tab at chest. Embroidered logos on chest hood sleeve and back neck.
GORE-TEX Anorak,Green,•63800,https://assets.supremenewyork.com/184794/ma/kp6fM-Ksp6Y.jpg,Waterproof breathable GORE-TEX nylon 2-layer shell with embossed logo lining. Half zip closure with snap and velcro placket. Zip hand pockets at lower front with zip chest pocket. Interior elastic shockcords at packable hood and hem. Velcro tab adjusters at cuffs and D-ring tab at chest. Embroidered logos on chest hood sleeve and back neck.
Faux Fur Varsity Jacket,Navy,•55000,https://assets.supremenewyork.com/185392/ma/KoQTT5p9yQ4.jpg,Faux fur with jacquard logo viscose lining and full zip closure. Hand pockets at lower front with interior chest pocket. Stripe fur collar cuffs and hem with faux fur logo at chest.
Faux Fur Varsity Jacket,Yellow,•55000,https://assets.supremenewyork.com/185426/ma/GKxtx3QoA_E.jpg,Faux fur with jacquard logo viscose lining and full zip closure. Hand pockets at lower front with interior chest pocket. Stripe fur collar cuffs and hem with faux fur logo at chest.
Faux Fur Varsity Jacket,Black,•55000,https://assets.supremenewyork.com/185408/ma/F3McaxZkWaY.jpg,Faux fur with jacquard logo viscose lining and full zip closure. Hand pockets at lower front with interior chest pocket. Stripe fur collar cuffs and hem with faux fur logo at chest.
Shiny Reversible Puffy Jacket,Orange,•42900,https://assets.supremenewyork.com/184756/ma/n7UuKFxyp5M.jpg,Water resistant nylon with down filled quilted baffles. Full zip closure with zip hand pockets at lower front. Reverse side with hand pockets and zip chest pocket. Elastic cuffs with interior elastic shockcord at hem. Reflective logo taping at neck.
Shiny Reversible Puffy Jacket,Black,•42900,https://assets.supremenewyork.com/184761/ma/IzH9hiL-W6w.jpg,Water resistant nylon with down filled quilted baffles. Full zip closure with zip hand pockets at lower front. Reverse side with hand pockets and zip chest pocket. Elastic cuffs with interior elastic shockcord at hem. Reflective logo taping at neck.
Shiny Reversible Puffy Jacket,White,•42900,https://assets.supremenewyork.com/184766/ma/kXWS_CrNjVQ.jpg,Water resistant nylon with down filled quilted baffles. Full zip closure with zip hand pockets at lower front. Reverse side with hand pockets and zip chest pocket. Elastic cuffs with interior elastic shockcord at hem. Reflective logo taping at neck.
Velvet Chore Coat,Cow,•29700,https://assets.supremenewyork.com/185343/ma/OssZr3ASheA.jpg,All cotton velvet with satin lining and button front closure. Patch pockets at lower front and chest with interior chest pocket. Button adjuster at cuffs.
Velvet Chore Coat,Bright Green,•29700,https://assets.supremenewyork.com/185360/ma/-adWeZBQLdU.jpg,All cotton velvet with satin lining and button front closure. Patch pockets at lower front and chest with interior chest pocket. Button adjuster at cuffs.
Velvet Chore Coat,Navy,•29700,https://assets.supremenewyork.com/185375/ma/ds4_49H8MNc.jpg,All cotton velvet with satin lining and button front closure. Patch pockets at lower front and chest with interior chest pocket. Button adjuster at cuffs.
Paneled Track Jacket,Black,•24200,https://assets.supremenewyork.com/184778/ma/qHClUHwnpRY.jpg,Water resistant Supplex¬Æ nylon taslan with cotton jersey lining and taffeta sleeve lining. Full zip closure with hand pockets at lower front. Elastic cuffs and hem with printed logo on contrast chest panel.
Paneled Track Jacket,Light Gold,•24200,https://assets.supremenewyork.com/184772/ma/HBEGan5RMeg.jpg,Water resistant Supplex¬Æ nylon taslan with cotton jersey lining and taffeta sleeve lining. Full zip closure with hand pockets at lower front. Elastic cuffs and hem with printed logo on contrast chest panel.
Paneled Track Jacket,Light Blue,•24200,https://assets.supremenewyork.com/184775/ma/T5fgcEEhFl8.jpg,Water resistant Supplex¬Æ nylon taslan with cotton jersey lining and taffeta sleeve lining. Full zip closure with hand pockets at lower front. Elastic cuffs and hem with printed logo on contrast chest panel.
Snakeskin Jacquard Shirt,Red,•20900,https://assets.supremenewyork.com/185476/ma/QZRIlC1dIIs.jpg,Viscose with jacquard pattern and single chest pocket.
Snakeskin Jacquard Shirt,Gold,•20900,https://assets.supremenewyork.com/185466/ma/Y0VUeSaKVzE.jpg,Viscose with jacquard pattern and single chest pocket.
Snakeskin Jacquard Shirt,Black,•20900,https://assets.supremenewyork.com/185470/ma/7SlsuU7aLR0.jpg,Viscose with jacquard pattern and single chest pocket.
Arc Logo S/S Work Shirt,Woodland Camo,•18700,https://assets.supremenewyork.com/185518/ma/8UBXPuJFqck.jpg,Cotton blend twill with single chest pocket and tackle twill appliqu√© logo at front.
Arc Logo S/S Work Shirt,Khaki,•18700,https://assets.supremenewyork.com/185507/ma/MmlUw01Ki2o.jpg,Cotton blend twill with single chest pocket and tackle twill appliqu√© logo at front.
Arc Logo S/S Work Shirt,Red,•18700,https://assets.supremenewyork.com/185485/ma/nDPWajIp9v4.jpg,Cotton blend twill with single chest pocket and tackle twill appliqu√© logo at front.
Arc Logo S/S Work Shirt,Navy,•18700,https://assets.supremenewyork.com/185499/ma/_JFUwDKd5Y0.jpg,Cotton blend twill with single chest pocket and tackle twill appliqu√© logo at front.
Arc Logo S/S Work Shirt,Black,•18700,https://assets.supremenewyork.com/185528/ma/w8eST7cQU5s.jpg,Cotton blend twill with single chest pocket and tackle twill appliqu√© logo at front.
Oxford Shirt,Red Multi Stripe,•19800,https://assets.supremenewyork.com/184984/ma/3yfEhKYuEsk.jpg,All cotton with button down collar and embroidered logo on chest.
Oxford Shirt,Purple,•19800,https://assets.supremenewyork.com/184980/ma/E727UMj9NJw.jpg,All cotton with button down collar and embroidered logo on chest.
Oxford Shirt,Green Multi Stripe,•19800,https://assets.supremenewyork.com/185007/ma/NPBr3T4TudU.jpg,All cotton with button down collar and embroidered logo on chest.
Oxford Shirt,Orange,•19800,https://assets.supremenewyork.com/184994/ma/HD17Ac99O-k.jpg,All cotton with button down collar and embroidered logo on chest.
Oxford Shirt,Black,•19800,https://assets.supremenewyork.com/184990/ma/3fOWXYBFrjY.jpg,All cotton with button down collar and embroidered logo on chest.
Oxford Shirt,Light Blue,•19800,https://assets.supremenewyork.com/184998/ma/5cWgJnhPTrY.jpg,All cotton with button down collar and embroidered logo on chest.
Oxford Shirt,White,•19800,https://assets.supremenewyork.com/185003/ma/kgC_43GgSzA.jpg,All cotton with button down collar and embroidered logo on chest.
Logo Plaid Shirt,Yellow,•20900,https://assets.supremenewyork.com/185302/ma/6N66u-CVXS8.jpg,All cotton with jacquard logo pattern and single chest pocket.
Logo Plaid Shirt,Red,•20900,https://assets.supremenewyork.com/185307/ma/4mL3xG1EeQU.jpg,All cotton with jacquard logo pattern and single chest pocket.
Logo Plaid Shirt,Light Blue,•20900,https://assets.supremenewyork.com/185312/ma/yNnwTHSKrjc.jpg,All cotton with jacquard logo pattern and single chest pocket.
Logo Plaid Shirt,Black,•20900,https://assets.supremenewyork.com/185317/ma/C3927vwIXPs.jpg,All cotton with jacquard logo pattern and single chest pocket.
New York Sweater,Orange,•22000,https://assets.supremenewyork.com/185002/ma/TISBW-AX4IY.jpg,Acrylic with knit graphic and logo at back.
New York Sweater,White,•22000,https://assets.supremenewyork.com/184992/ma/XlsJRMJDT-o.jpg,Acrylic with knit graphic and logo at back.
New York Sweater,Black,•22000,https://assets.supremenewyork.com/185012/ma/9m8pexohBEA.jpg,Acrylic with knit graphic and logo at back.
Brushed Polka Dot Cardigan,Black,•25300,https://assets.supremenewyork.com/185083/ma/K3whNNh4kpo.jpg,Brushed acrylic with button front closure and hand pockets at lower front. Embroidered logo on left pocket.
Brushed Polka Dot Cardigan,Navy,•25300,https://assets.supremenewyork.com/185089/ma/KvP0YfLgV2g.jpg,Brushed acrylic with button front closure and hand pockets at lower front. Embroidered logo on left pocket.
Brushed Polka Dot Cardigan,Red,•25300,https://assets.supremenewyork.com/185077/ma/dtke3fmFM5s.jpg,Brushed acrylic with button front closure and hand pockets at lower front. Embroidered logo on left pocket.
Global Standard L/S Top,Black,•14300,https://assets.supremenewyork.com/185800/ma/p_JVTU9T5OY.jpg,All cotton jersey crewneck with printed logos on front and back.
Global Standard L/S Top,Natural,•14300,https://assets.supremenewyork.com/185786/ma/3a8jIdjfOM0.jpg,All cotton jersey crewneck with printed logos on front and back.
Global Standard L/S Top,Pink,•14300,https://assets.supremenewyork.com/185772/ma/R3J2Tj11IvU.jpg,All cotton jersey crewneck with printed logos on front and back.
Vertical Stripe Polo,White,•14300,https://assets.supremenewyork.com/186302/ma/B7sx0nfOk2M.jpg,All cotton pique polo with two-button placket and knit rib collar. Embroidered logo on single chest pocket.
Vertical Stripe Polo,Red,•14300,https://assets.supremenewyork.com/186298/ma/accIQet-meQ.jpg,All cotton pique polo with two-button placket and knit rib collar. Embroidered logo on single chest pocket.
Vertical Stripe Polo,Black,•14300,https://assets.supremenewyork.com/186287/ma/h4iw77toigc.jpg,All cotton pique polo with two-button placket and knit rib collar. Embroidered logo on single chest pocket.
Vertical Stripe Polo,Dark Teal,•14300,https://assets.supremenewyork.com/186293/ma/zpmW6XI7RaM.jpg,All cotton pique polo with two-button placket and knit rib collar. Embroidered logo on single chest pocket.
Patchwork S/S Top,Navy,•13200,https://assets.supremenewyork.com/186015/ma/4JmY_LNK9N8.jpg,All cotton jersey crewneck with patchwork pattern and embroidered logo on chest.
Patchwork S/S Top,Green,•13200,https://assets.supremenewyork.com/186002/ma/3jVFfGMuHhE.jpg,All cotton jersey crewneck with patchwork pattern and embroidered logo on chest.
Patchwork S/S Top,Black,•13200,https://assets.supremenewyork.com/186010/ma/Pwm53tJjq9o.jpg,All cotton jersey crewneck with patchwork pattern and embroidered logo on chest.
Patchwork S/S Top,White,•13200,https://assets.supremenewyork.com/186006/ma/sZe7QMFXumM.jpg,All cotton jersey crewneck with patchwork pattern and embroidered logo on chest.
Nothing Else S/S Top,Woodland Camo,•12100,https://assets.supremenewyork.com/186366/ma/LnlrLddzCmo.jpg,All cotton jersey crewneck with chenille appliqu√© logo and printed graphic on chest.
Nothing Else S/S Top,White,•12100,https://assets.supremenewyork.com/186373/ma/oHTyRiLSIgU.jpg,All cotton jersey crewneck with chenille appliqu√© logo and printed graphic on chest.
Nothing Else S/S Top,Black,•12100,https://assets.supremenewyork.com/186360/ma/g3GTssQPayc.jpg,All cotton jersey crewneck with chenille appliqu√© logo and printed graphic on chest.
Nothing Else S/S Top,Purple,•12100,https://assets.supremenewyork.com/186362/ma/7ljclm07qgQ.jpg,All cotton jersey crewneck with chenille appliqu√© logo and printed graphic on chest.
Nothing Else S/S Top,Light Green,•12100,https://assets.supremenewyork.com/186368/ma/GPQCEDc48m4.jpg,All cotton jersey crewneck with chenille appliqu√© logo and printed graphic on chest.
Nothing Else S/S Top,Orange,•12100,https://assets.supremenewyork.com/186376/ma/zD-AmhFFlZA.jpg,All cotton jersey crewneck with chenille appliqu√© logo and printed graphic on chest.
Eazy S/S Top,Purple,•12100,https://assets.supremenewyork.com/185796/ma/lFc7S19CcU8.jpg,All cotton slub jersey crewneck with printed graphic on chest and athletic label at lower front.
Eazy S/S Top,Orange,•12100,https://assets.supremenewyork.com/185802/ma/UvfSDbXIWSA.jpg,All cotton slub jersey crewneck with printed graphic on chest and athletic label at lower front.
Eazy S/S Top,Dark Green,•12100,https://assets.supremenewyork.com/185812/ma/eLM975V2pYQ.jpg,All cotton slub jersey crewneck with printed graphic on chest and athletic label at lower front.
Eazy S/S Top,White,•12100,https://assets.supremenewyork.com/185824/ma/Lm_juq_d4_o.jpg,All cotton slub jersey crewneck with printed graphic on chest and athletic label at lower front.
Eazy S/S Top,Black,•12100,https://assets.supremenewyork.com/185818/ma/dRdNL_DMuE8.jpg,All cotton slub jersey crewneck with printed graphic on chest and athletic label at lower front.
Eazy S/S Top,Heather Grey,•12100,https://assets.supremenewyork.com/185787/ma/pS2WZQXerGY.jpg,All cotton slub jersey crewneck with printed graphic on chest and athletic label at lower front.
S/S Pocket Tee,Bright Green,•11000,https://assets.supremenewyork.com/186079/ma/Swo_Zj5xvF4.jpg,All cotton slub jersey crewneck with single chest pocket.
S/S Pocket Tee,Light Brown,•11000,https://assets.supremenewyork.com/186082/ma/Wfa-3xc_7_0.jpg,All cotton slub jersey crewneck with single chest pocket.
S/S Pocket Tee,Violet,•11000,https://assets.supremenewyork.com/186062/ma/xhTvbj2oz3E.jpg,All cotton slub jersey crewneck with single chest pocket.
S/S Pocket Tee,Orange,•11000,https://assets.supremenewyork.com/186056/ma/hhhLAeicEjE.jpg,All cotton slub jersey crewneck with single chest pocket.
S/S Pocket Tee,Heather Royal,•11000,https://assets.supremenewyork.com/186067/ma/tt5_0fQxDbE.jpg,All cotton slub jersey crewneck with single chest pocket.
S/S Pocket Tee,Fuchsia,•11000,https://assets.supremenewyork.com/186048/ma/h00jTEtHHGs.jpg,All cotton slub jersey crewneck with single chest pocket.
S/S Pocket Tee,Heather Pale Yellow,•11000,https://assets.supremenewyork.com/186071/ma/qCK-IBg-51M.jpg,All cotton slub jersey crewneck with single chest pocket.
S/S Pocket Tee,Black,•11000,https://assets.supremenewyork.com/186052/ma/4uPNa2Z0TG4.jpg,All cotton slub jersey crewneck with single chest pocket.
S/S Pocket Tee,White,•11000,https://assets.supremenewyork.com/186075/ma/li1gSjjAdFE.jpg,All cotton slub jersey crewneck with single chest pocket.
Miles Davis Hooded Sweatshirt,Blue,•31900,https://assets.supremenewyork.com/185643/ma/0P9YGr04NP0.jpg,Cotton fleece with pouch pocket and printed graphic.
Miles Davis Hooded Sweatshirt,Black,•31900,https://assets.supremenewyork.com/185634/ma/rOeIVCcnAQk.jpg,Cotton fleece with pouch pocket and printed graphic.
Known As Hooded Sweatshirt,Red,•27500,https://assets.supremenewyork.com/185479/ma/oGve_MsMgeM.jpg,Cotton fleece with pouch pocket and printed graphic on chest.
Known As Hooded Sweatshirt,White,•27500,https://assets.supremenewyork.com/185469/ma/UZE3ztPrFCg.jpg,Cotton fleece with pouch pocket and printed graphic on chest.
Known As Hooded Sweatshirt,Black,•27500,https://assets.supremenewyork.com/185474/ma/_LKMD48UdbU.jpg,Cotton fleece with pouch pocket and printed graphic on chest.
Known As Hooded Sweatshirt,Gold,•27500,https://assets.supremenewyork.com/185458/ma/mnXIgC1N9vY.jpg,Cotton fleece with pouch pocket and printed graphic on chest.
Known As Hooded Sweatshirt,Heather Grey,•27500,https://assets.supremenewyork.com/185452/ma/p3qPzD_o6T0.jpg,Cotton fleece with pouch pocket and printed graphic on chest.
Known As Hooded Sweatshirt,Dark Aqua,•27500,https://assets.supremenewyork.com/185464/ma/oj1xafTHeUk.jpg,Cotton fleece with pouch pocket and printed graphic on chest.
Mary Hooded Sweatshirt,Black,•28600,https://assets.supremenewyork.com/185367/ma/q319of7GP48.jpg,Cotton fleece with pouch pocket. Printed logo on chest and printed graphic on back.
Mary Hooded Sweatshirt,Natural,•28600,https://assets.supremenewyork.com/185409/ma/WYD_Zsztvfs.jpg,Cotton fleece with pouch pocket. Printed logo on chest and printed graphic on back.
Mary Hooded Sweatshirt,Red,•28600,https://assets.supremenewyork.com/185399/ma/7TnPQ-cqxaY.jpg,Cotton fleece with pouch pocket. Printed logo on chest and printed graphic on back.
Mary Hooded Sweatshirt,Pale Gold,•28600,https://assets.supremenewyork.com/185387/ma/puyxTpm9Cpc.jpg,Cotton fleece with pouch pocket. Printed logo on chest and printed graphic on back.
Mary Hooded Sweatshirt,Ash Grey,•28600,https://assets.supremenewyork.com/185356/ma/Loiyk_NQFWU.jpg,Cotton fleece with pouch pocket. Printed logo on chest and printed graphic on back.
Mary Hooded Sweatshirt,Pale Mint,•28600,https://assets.supremenewyork.com/185378/ma/t0wLXZZtQP8.jpg,Cotton fleece with pouch pocket. Printed logo on chest and printed graphic on back.
S Logo Hooded Sweatshirt,Dark Royal,•29700,https://assets.supremenewyork.com/185254/ma/6ahZtl9KaN4.jpg,Cotton fleece with rib gussets and pouch pocket. Quilted leather appliqu√© logo at chest and embroidered logo on hood.
S Logo Hooded Sweatshirt,Yellow,•29700,https://assets.supremenewyork.com/185230/ma/sVv7XXBCfg4.jpg,Cotton fleece with rib gussets and pouch pocket. Quilted leather appliqu√© logo at chest and embroidered logo on hood.
S Logo Hooded Sweatshirt,Heather Grey,•29700,https://assets.supremenewyork.com/185234/ma/tu-p7dVd8kY.jpg,Cotton fleece with rib gussets and pouch pocket. Quilted leather appliqu√© logo at chest and embroidered logo on hood.
S Logo Hooded Sweatshirt,Dark Green,•29700,https://assets.supremenewyork.com/185242/ma/6-q6nxyqg_4.jpg,Cotton fleece with rib gussets and pouch pocket. Quilted leather appliqu√© logo at chest and embroidered logo on hood.
S Logo Hooded Sweatshirt,Light Purple,•29700,https://assets.supremenewyork.com/185258/ma/0LD5bL0ozM8.jpg,Cotton fleece with rib gussets and pouch pocket. Quilted leather appliqu√© logo at chest and embroidered logo on hood.
S Logo Hooded Sweatshirt,Black,•29700,https://assets.supremenewyork.com/185225/ma/1DiX2d-IJv8.jpg,Cotton fleece with rib gussets and pouch pocket. Quilted leather appliqu√© logo at chest and embroidered logo on hood.
S Logo Hooded Sweatshirt,Red,•29700,https://assets.supremenewyork.com/185247/ma/S1v-e2lNGhY.jpg,Cotton fleece with rib gussets and pouch pocket. Quilted leather appliqu√© logo at chest and embroidered logo on hood.
Radial Crewneck,Lime,•27500,https://assets.supremenewyork.com/185785/ma/xm_NGsDIT3w.jpg,Cotton fleece with printed logo pattern.
Radial Crewneck,Navy,•27500,https://assets.supremenewyork.com/185801/ma/bTSoQgzpSkY.jpg,Cotton fleece with printed logo pattern.
Radial Crewneck,Orange,•27500,https://assets.supremenewyork.com/185808/ma/iRo8HD4yNjI.jpg,Cotton fleece with printed logo pattern.
Radial Crewneck,Natural,•27500,https://assets.supremenewyork.com/185792/ma/enH9-0r9F1g.jpg,Cotton fleece with printed logo pattern.
Radial Crewneck,Black,•27500,https://assets.supremenewyork.com/185816/ma/yX9l6rQwB4w.jpg,Cotton fleece with printed logo pattern.
Reflective Cutout Hooded Sweatshirt,Fuchsia,•28600,https://assets.supremenewyork.com/185328/ma/nAzGQJUlITc.jpg,Cotton fleece with pouch pocket. Reflective inset appliqu√© and embroidered logos on chest.
Reflective Cutout Hooded Sweatshirt,Ash Grey,•28600,https://assets.supremenewyork.com/185337/ma/eGladb5TEiM.jpg,Cotton fleece with pouch pocket. Reflective inset appliqu√© and embroidered logos on chest.
Reflective Cutout Hooded Sweatshirt,Navy,•28600,https://assets.supremenewyork.com/185333/ma/9dp0Q5Ctm1c.jpg,Cotton fleece with pouch pocket. Reflective inset appliqu√© and embroidered logos on chest.
Reflective Cutout Hooded Sweatshirt,Lime,•28600,https://assets.supremenewyork.com/185349/ma/2f94q69_WaY.jpg,Cotton fleece with pouch pocket. Reflective inset appliqu√© and embroidered logos on chest.
Reflective Cutout Hooded Sweatshirt,Black,•28600,https://assets.supremenewyork.com/185342/ma/9vaHQopMrls.jpg,Cotton fleece with pouch pocket. Reflective inset appliqu√© and embroidered logos on chest.
GORE-TEX Pant,Rammellzee Red,•38500,https://assets.supremenewyork.com/187224/ma/Fal47czr-zs.jpg,Waterproof breathable GORE-TEX poly 2-layer shell with embossed logo lining. Zip hand pockets back zip pockets and zip pocket at thigh. Bottom gussets with zip closure elastic cuffs and waistband with interior elastic shockcord. D-ring at thigh and embroidered logos at front and back. Original artwork by Rammellzee.
GORE-TEX Pant,Rammellzee Yellow,•38500,https://assets.supremenewyork.com/187220/ma/6Ow9MISMYqs.jpg,Waterproof breathable GORE-TEX poly 2-layer shell with embossed logo lining. Zip hand pockets back zip pockets and zip pocket at thigh. Bottom gussets with zip closure elastic cuffs and waistband with interior elastic shockcord. D-ring at thigh and embroidered logos at front and back. Original artwork by Rammellzee.
GORE-TEX Pant,Green,•38500,https://assets.supremenewyork.com/187225/ma/Q4644vT-MSU.jpg,Waterproof breathable GORE-TEX nylon 2-layer shell with embossed logo lining. Zip hand pockets back zip pockets and zip pocket at thigh. Bottom gussets with zip closure elastic cuffs and waistband with interior elastic shockcord. D-ring at thigh and embroidered logos at front and back.
GORE-TEX Pant,Black,•38500,https://assets.supremenewyork.com/187227/ma/HInFcBGil5c.jpg,Waterproof breathable GORE-TEX nylon 2-layer shell with embossed logo lining. Zip hand pockets back zip pockets and zip pocket at thigh. Bottom gussets with zip closure elastic cuffs and waistband with interior elastic shockcord. D-ring at thigh and embroidered logos at front and back.
Cargo Pant,Blue Chocolate Chip Camo,•23100,https://assets.supremenewyork.com/187249/ma/OiezWZIn438.jpg,All cotton with enzyme wash. Slanted front pockets with snap flap closures snap back pockets and snap cargo pockets on thigh. Button fly closure twill tape size adjusters at waist and drawstring at cuffs.
Cargo Pant,Black,•23100,https://assets.supremenewyork.com/187251/ma/U3cfhxTKg54.jpg,All cotton with enzyme wash. Slanted front pockets with snap flap closures snap back pockets and snap cargo pockets on thigh. Button fly closure twill tape size adjusters at waist and drawstring at cuffs.
Cargo Pant,Olive,•23100,https://assets.supremenewyork.com/187244/ma/NnWcJG7p7jQ.jpg,All cotton with enzyme wash. Slanted front pockets with snap flap closures snap back pockets and snap cargo pockets on thigh. Button fly closure twill tape size adjusters at waist and drawstring at cuffs.
Cargo Pant,Gold,•23100,https://assets.supremenewyork.com/187255/ma/zhlKcVj_5dw.jpg,All cotton with enzyme wash. Slanted front pockets with snap flap closures snap back pockets and snap cargo pockets on thigh. Button fly closure twill tape size adjusters at waist and drawstring at cuffs.
Work Pant,Flags,•17600,https://assets.supremenewyork.com/187211/ma/V7ZajHAt9d8.jpg,Heavy cotton blend twill with enzyme wash. Slanted front pockets zip fly single coin pocket and snap closure on back pocket.
Work Pant,Black Flags,•17600,https://assets.supremenewyork.com/187204/ma/uLBTa-zKoew.jpg,Heavy cotton blend twill with enzyme wash. Slanted front pockets zip fly single coin pocket and snap closure on back pocket.
Work Pant,Dusty Blue,•17600,https://assets.supremenewyork.com/187203/ma/Ti6ACcXsD5E.jpg,Heavy cotton blend twill with enzyme wash. Slanted front pockets zip fly single coin pocket and snap closure on back pocket.
Work Pant,Pale Pink,•17600,https://assets.supremenewyork.com/187207/ma/nJiOp8aRyvQ.jpg,Heavy cotton blend twill with enzyme wash. Slanted front pockets zip fly single coin pocket and snap closure on back pocket.
Work Pant,Khaki,•17600,https://assets.supremenewyork.com/187205/ma/v1TXXrIcZFM.jpg,Heavy cotton blend twill with enzyme wash. Slanted front pockets zip fly single coin pocket and snap closure on back pocket.
Work Pant,Navy,•17600,https://assets.supremenewyork.com/187209/ma/k6XteR4MnvY.jpg,Heavy cotton blend twill with enzyme wash. Slanted front pockets zip fly single coin pocket and snap closure on back pocket.
Work Pant,Red,•17600,https://assets.supremenewyork.com/187208/ma/bpyyDcW89Ck.jpg,Heavy cotton blend twill with enzyme wash. Slanted front pockets zip fly single coin pocket and snap closure on back pocket.
Work Pant,Black,•17600,https://assets.supremenewyork.com/187210/ma/4SW-3fqrkAM.jpg,Heavy cotton blend twill with enzyme wash. Slanted front pockets zip fly single coin pocket and snap closure on back pocket.
Paneled Track Pant,Light Gold,•18700,https://assets.supremenewyork.com/187214/ma/TNoH_Ek_uJM.jpg,Water resistant Supplex¬Æ nylon taslan with cotton jersey and taffeta lining. Slanted front pockets and single back zip pocket. Bottom gussets with zip closure elastic cuffs and waistband with interior drawcord and interior hanging key pocket. Contrast panels with printed logo on left leg.
Paneled Track Pant,Black,•18700,https://assets.supremenewyork.com/187217/ma/Kt3cmnuAg64.jpg,Water resistant Supplex¬Æ nylon taslan with cotton jersey and taffeta lining. Slanted front pockets and single back zip pocket. Bottom gussets with zip closure elastic cuffs and waistband with interior drawcord and interior hanging key pocket. Contrast panels with printed logo on left leg.
Paneled Track Pant,Light Blue,•18700,https://assets.supremenewyork.com/187215/ma/qkEsFwtSnAw.jpg,Water resistant Supplex¬Æ nylon taslan with cotton jersey and taffeta lining. Slanted front pockets and single back zip pocket. Bottom gussets with zip closure elastic cuffs and waistband with interior drawcord and interior hanging key pocket. Contrast panels with printed logo on left leg.
S Logo Sweatpant,Dark Green,•24200,https://assets.supremenewyork.com/187186/ma/hd28h4ejaEw.jpg,Cotton fleece with welt hand pockets and single back patch pocket. Elastic cuffs and knit rib waistband with interior drawcord. Quilted leather appliqu√© logo at thigh.
S Logo Sweatpant,Yellow,•24200,https://assets.supremenewyork.com/187189/ma/exye7pCQOcM.jpg,Cotton fleece with welt hand pockets and single back patch pocket. Elastic cuffs and knit rib waistband with interior drawcord. Quilted leather appliqu√© logo at thigh.
S Logo Sweatpant,Black,•24200,https://assets.supremenewyork.com/187184/ma/Zi3Z2VMhZpo.jpg,Cotton fleece with welt hand pockets and single back patch pocket. Elastic cuffs and knit rib waistband with interior drawcord. Quilted leather appliqu√© logo at thigh.
S Logo Sweatpant,Heather Grey,•24200,https://assets.supremenewyork.com/187188/ma/R1AtdutvCh0.jpg,Cotton fleece with welt hand pockets and single back patch pocket. Elastic cuffs and knit rib waistband with interior drawcord. Quilted leather appliqu√© logo at thigh.
S Logo Sweatpant,Dark Royal,•24200,https://assets.supremenewyork.com/187182/ma/BXI2Lx5Im6U.jpg,Cotton fleece with welt hand pockets and single back patch pocket. Elastic cuffs and knit rib waistband with interior drawcord. Quilted leather appliqu√© logo at thigh.
S Logo Sweatpant,Light Purple,•24200,https://assets.supremenewyork.com/187183/ma/crXUYQR8iF8.jpg,Cotton fleece with welt hand pockets and single back patch pocket. Elastic cuffs and knit rib waistband with interior drawcord. Quilted leather appliqu√© logo at thigh.
S Logo Sweatpant,Red,•24200,https://assets.supremenewyork.com/187185/ma/XMNiL8U-_nc.jpg,Cotton fleece with welt hand pockets and single back patch pocket. Elastic cuffs and knit rib waistband with interior drawcord. Quilted leather appliqu√© logo at thigh.
Washed Regular Jean,Red,•24200,https://assets.supremenewyork.com/187234/ma/RwRb8bT4Onc.jpg,All cotton 14 oz. denim with stone wash. Classic 5-pocket style with button fly single coin pocket copper oxide rivets and embroidered logo on back pocket.
Washed Regular Jean,Blue,•24200,https://assets.supremenewyork.com/187236/ma/BnRhwMOogzs.jpg,All cotton 14 oz. denim with stone wash. Classic 5-pocket style with button fly single coin pocket copper oxide rivets and embroidered logo on back pocket.
Washed Regular Jean,Black,•24200,https://assets.supremenewyork.com/187237/ma/u040vFGLMkY.jpg,All cotton 14 oz. denim with stone wash. Classic 5-pocket style with button fly single coin pocket copper oxide rivets and embroidered logo on back pocket.
Stone Washed Slim Jean,Stone Washed Indigo,•26400,https://assets.supremenewyork.com/187230/ma/-sZ8W1ZN6vk.jpg,All cotton 14 oz. selvedge denim with stone wash. Classic 5-pocket style with button fly single coin pocket copper rivets and leather logo patch on back.
Rigid Slim Jean,Rigid Indigo,•26400,https://assets.supremenewyork.com/187240/ma/hTIrssh5Wtk.jpg,All cotton 14 oz. selvedge denim. Classic 5-pocket style with button fly single coin pocket copper rivets and leather logo patch on back.
Stone Washed Black Slim Jean,Washed Black,•24200,https://assets.supremenewyork.com/187260/ma/ZULSuKgE1oQ.jpg,All cotton 14 oz. denim with stone wash. Classic 5-pocket style with button fly single coin pocket copper oxide rivets and leather logo patch on back.
Tupac Hologram Tee,Black,•8250,https://assets.supremenewyork.com/186849/ma/k9sHDyYfhIs.jpg,All cotton classic Supreme t-shirt with printed graphic on front.
Tupac Hologram Tee,Pale Mint,•8250,https://assets.supremenewyork.com/186876/ma/skxEl7PPx1M.jpg,All cotton classic Supreme t-shirt with printed graphic on front.
Tupac Hologram Tee,Ash Grey,•8250,https://assets.supremenewyork.com/187282/ma/6eVK2_Ua12c.jpg,All cotton classic Supreme t-shirt with printed graphic on front.
Tupac Hologram Tee,Red,•8250,https://assets.supremenewyork.com/186843/ma/dgeolwQt7W0.jpg,All cotton classic Supreme t-shirt with printed graphic on front.
Tupac Hologram Tee,Yellow,•8250,https://assets.supremenewyork.com/186855/ma/6XPDhQ-QII4.jpg,All cotton classic Supreme t-shirt with printed graphic on front.
Tupac Hologram Tee,White,•8250,https://assets.supremenewyork.com/186866/ma/Q_naMtqtDYQ.jpg,All cotton classic Supreme t-shirt with printed graphic on front.
Tupac Hologram Tee,Neon Orange,•8250,https://assets.supremenewyork.com/186860/ma/EMIaEx1usmw.jpg,All cotton classic Supreme t-shirt with printed graphic on front.
Tupac Hologram Tee,Light Slate,•8250,https://assets.supremenewyork.com/186870/ma/Tc4M5VWTNec.jpg,All cotton classic Supreme t-shirt with printed graphic on front.
Bling Tee,Heather Grey,•7150,https://assets.supremenewyork.com/186707/ma/so8MWAeK7GE.jpg,All cotton classic Supreme t-shirt with printed graphic on front.
Bling Tee,Black,•7150,https://assets.supremenewyork.com/186688/ma/keG7xnCVwkg.jpg,All cotton classic Supreme t-shirt with printed graphic on front.
Bling Tee,Pale Mint,•7150,https://assets.supremenewyork.com/186700/ma/2ArThvAIKPE.jpg,All cotton classic Supreme t-shirt with printed graphic on front.
Bling Tee,Light Purple,•7150,https://assets.supremenewyork.com/186731/ma/0mhPpa0WhQ8.jpg,All cotton classic Supreme t-shirt with printed graphic on front.
Bling Tee,Navy,•7150,https://assets.supremenewyork.com/186725/ma/zZhm2HzCu0U.jpg,All cotton classic Supreme t-shirt with printed graphic on front.
Bling Tee,Red,•7150,https://assets.supremenewyork.com/186694/ma/SB7xaK3qV9E.jpg,All cotton classic Supreme t-shirt with printed graphic on front.
Bling Tee,Burnt Orange,•7150,https://assets.supremenewyork.com/186719/ma/tMESCl11Y3g.jpg,All cotton classic Supreme t-shirt with printed graphic on front.
Bling Tee,White,•7150,https://assets.supremenewyork.com/186713/ma/-Ixrkm0RCug.jpg,All cotton classic Supreme t-shirt with printed graphic on front.
Shop Tee,Orange,•7150,https://assets.supremenewyork.com/186810/ma/QYvbBt_hc-s.jpg,All cotton classic Supreme t-shirt with printed logo on front.
Shop Tee,Light Teal,•7150,https://assets.supremenewyork.com/186804/ma/a0RMIjPfOm0.jpg,All cotton classic Supreme t-shirt with printed logo on front.
Shop Tee,Red,•7150,https://assets.supremenewyork.com/186816/ma/0S5f8A15INI.jpg,All cotton classic Supreme t-shirt with printed logo on front.
Shop Tee,Light Purple,•7150,https://assets.supremenewyork.com/186829/ma/3zh2v6pqhuA.jpg,All cotton classic Supreme t-shirt with printed logo on front.
Shop Tee,Heather Grey,•7150,https://assets.supremenewyork.com/186793/ma/yANVk67wrV4.jpg,All cotton classic Supreme t-shirt with printed logo on front.
Shop Tee,Navy,•7150,https://assets.supremenewyork.com/186799/ma/s-kW9nHT4zM.jpg,All cotton classic Supreme t-shirt with printed logo on front.
Shop Tee,Black,•7150,https://assets.supremenewyork.com/186823/ma/vRlHNwNqNb8.jpg,All cotton classic Supreme t-shirt with printed logo on front.
Shop Tee,White,•7150,https://assets.supremenewyork.com/186836/ma/TFj-UBENJyI.jpg,All cotton classic Supreme t-shirt with printed logo on front.
Naomi Tee,Red,•8250,https://assets.supremenewyork.com/186760/ma/eIJh4d1_rYY.jpg,All cotton classic Supreme t-shirt with printed graphic on front. Original photography by Pamela Hanson. Original artwork by Mark Gonzales.
Naomi Tee,Woodland Camo,•8250,https://assets.supremenewyork.com/186780/ma/us1tiAWeTjc.jpg,All cotton classic Supreme t-shirt with printed graphic on front. Original photography by Pamela Hanson. Original artwork by Mark Gonzales.
Naomi Tee,White,•8250,https://assets.supremenewyork.com/186786/ma/DPEDzp_xP74.jpg,All cotton classic Supreme t-shirt with printed graphic on front. Original photography by Pamela Hanson. Original artwork by Mark Gonzales.
Naomi Tee,Black,•8250,https://assets.supremenewyork.com/186754/ma/KL-NNZcxOOo.jpg,All cotton classic Supreme t-shirt with printed graphic on front. Original photography by Pamela Hanson. Original artwork by Mark Gonzales.
Naomi Tee,Light Purple,•8250,https://assets.supremenewyork.com/186739/ma/sVFpgwgFEA4.jpg,All cotton classic Supreme t-shirt with printed graphic on front. Original photography by Pamela Hanson. Original artwork by Mark Gonzales.
Naomi Tee,Light Slate,•8250,https://assets.supremenewyork.com/186747/ma/lrF-9a30wsM.jpg,All cotton classic Supreme t-shirt with printed graphic on front. Original photography by Pamela Hanson. Original artwork by Mark Gonzales.
Naomi Tee,Pale Yellow,•8250,https://assets.supremenewyork.com/186774/ma/j4j5VGIVFAY.jpg,All cotton classic Supreme t-shirt with printed graphic on front. Original photography by Pamela Hanson. Original artwork by Mark Gonzales.
Naomi Tee,Ash Grey,•8250,https://assets.supremenewyork.com/186766/ma/bYdURmHaKF0.jpg,All cotton classic Supreme t-shirt with printed graphic on front. Original photography by Pamela Hanson. Original artwork by Mark Gonzales.
Laugh Now Tee,Navy,•7150,https://assets.supremenewyork.com/187198/ma/24W_m9Yhpb4.jpg,All cotton classic Supreme t-shirt with printed graphic on chest and back.
Laugh Now Tee,Light Slate,•7150,https://assets.supremenewyork.com/187200/ma/wB60nZeCTqE.jpg,All cotton classic Supreme t-shirt with printed graphic on chest and back.
Laugh Now Tee,Ash Grey,•7150,https://assets.supremenewyork.com/187193/ma/JR6P6ellytU.jpg,All cotton classic Supreme t-shirt with printed graphic on chest and back.
Laugh Now Tee,Magenta,•7150,https://assets.supremenewyork.com/187191/ma/1ngq4z5layE.jpg,All cotton classic Supreme t-shirt with printed graphic on chest and back.
Laugh Now Tee,Pale Mint,•7150,https://assets.supremenewyork.com/187196/ma/jj0VeYi3QT4.jpg,All cotton classic Supreme t-shirt with printed graphic on chest and back.
Laugh Now Tee,White,•7150,https://assets.supremenewyork.com/187194/ma/VOEq-XFXLak.jpg,All cotton classic Supreme t-shirt with printed graphic on chest and back.
Laugh Now Tee,Black,•7150,https://assets.supremenewyork.com/187201/ma/4phuOSEM4_s.jpg,All cotton classic Supreme t-shirt with printed graphic on chest and back.
Paint Logo Tee,Heather Grey,•7150,https://assets.supremenewyork.com/186660/ma/XaVFf9_2QGE.jpg,All cotton classic Supreme t-shirt with printed logo on front.
Paint Logo Tee,Black,•7150,https://assets.supremenewyork.com/186666/ma/NpVrlEO8rdE.jpg,All cotton classic Supreme t-shirt with printed logo on front.
Paint Logo Tee,Pale Mint,•7150,https://assets.supremenewyork.com/186634/ma/f-EqlSc9VWY.jpg,All cotton classic Supreme t-shirt with printed logo on front.
Paint Logo Tee,Neon Orange,•7150,https://assets.supremenewyork.com/186679/ma/gmVtui8r_kc.jpg,All cotton classic Supreme t-shirt with printed logo on front.
Paint Logo Tee,White,•7150,https://assets.supremenewyork.com/186640/ma/BBbGKXMgyDc.jpg,All cotton classic Supreme t-shirt with printed logo on front.
Paint Logo Tee,Magenta,•7150,https://assets.supremenewyork.com/186672/ma/Do9xbSPoG6w.jpg,All cotton classic Supreme t-shirt with printed logo on front.
Paint Logo Tee,Light Slate,•7150,https://assets.supremenewyork.com/186653/ma/3BBUo_deT_M.jpg,All cotton classic Supreme t-shirt with printed logo on front.
Paint Logo Tee,Woodland Camo,•7150,https://assets.supremenewyork.com/186647/ma/FFf2qpURj84.jpg,All cotton classic Supreme t-shirt with printed logo on front.
Sacred Unique L/S Tee,Neon Green,•8800,https://assets.supremenewyork.com/186496/ma/cli8535x0Rc.jpg,All cotton classic Supreme long sleeve t-shirt with printed logo on front and printed graphic on back.
Sacred Unique L/S Tee,Natural,•8800,https://assets.supremenewyork.com/186511/ma/i0OglYx50X8.jpg,All cotton classic Supreme long sleeve t-shirt with printed logo on front and printed graphic on back.
Sacred Unique L/S Tee,Slate,•8800,https://assets.supremenewyork.com/186565/ma/DhKpQHpG-rQ.jpg,All cotton classic Supreme long sleeve t-shirt with printed logo on front and printed graphic on back.
Sacred Unique L/S Tee,Heather Grey,•8800,https://assets.supremenewyork.com/186525/ma/EBoSnRAfAg8.jpg,All cotton classic Supreme long sleeve t-shirt with printed logo on front and printed graphic on back.
Sacred Unique L/S Tee,Black,•8800,https://assets.supremenewyork.com/186480/ma/8vJ9q13s3W8.jpg,All cotton classic Supreme long sleeve t-shirt with printed logo on front and printed graphic on back.
Sacred Unique L/S Tee,Light Pink,•8800,https://assets.supremenewyork.com/186468/ma/zuWDBGDhIdA.jpg,All cotton classic Supreme long sleeve t-shirt with printed logo on front and printed graphic on back.
Sacred Unique L/S Tee,Red,•8800,https://assets.supremenewyork.com/186553/ma/-F79Xu9HwWk.jpg,All cotton classic Supreme long sleeve t-shirt with printed logo on front and printed graphic on back.
Sacred Unique L/S Tee,White,•8800,https://assets.supremenewyork.com/186538/ma/Akie7KJFsCk.jpg,All cotton classic Supreme long sleeve t-shirt with printed logo on front and printed graphic on back.
Cherries Tee,Black,•7150,https://assets.supremenewyork.com/186927/ma/90kypEZ4lnI.jpg,All cotton classic Supreme t-shirt with printed graphic on front.
Cherries Tee,Light Purple,•7150,https://assets.supremenewyork.com/186936/ma/dRzC2wzxxqI.jpg,All cotton classic Supreme t-shirt with printed graphic on front.
Cherries Tee,Red,•7150,https://assets.supremenewyork.com/186966/ma/byFB0HdDT-M.jpg,All cotton classic Supreme t-shirt with printed graphic on front.
Cherries Tee,Burnt Orange,•7150,https://assets.supremenewyork.com/186941/ma/EqEP5PJeaCU.jpg,All cotton classic Supreme t-shirt with printed graphic on front.
Cherries Tee,White,•7150,https://assets.supremenewyork.com/186954/ma/shWhuDB8eNw.jpg,All cotton classic Supreme t-shirt with printed graphic on front.
Cherries Tee,Navy,•7150,https://assets.supremenewyork.com/186932/ma/9uX6w8VcHi4.jpg,All cotton classic Supreme t-shirt with printed graphic on front.
Cherries Tee,Heather Grey,•7150,https://assets.supremenewyork.com/186948/ma/gBxjXCu1zpQ.jpg,All cotton classic Supreme t-shirt with printed graphic on front.
Cherries Tee,Pale Mint,•7150,https://assets.supremenewyork.com/186961/ma/85h_y1RXyAg.jpg,All cotton classic Supreme t-shirt with printed graphic on front.
Black Cat Tee,Magenta,•7150,https://assets.supremenewyork.com/186903/ma/LkrwCoguvTk.jpg,All cotton classic Supreme t-shirt with printed graphic on front.
Black Cat Tee,Heather Grey,•7150,https://assets.supremenewyork.com/186920/ma/ZEKV_mOQeCY.jpg,All cotton classic Supreme t-shirt with printed graphic on front.
Black Cat Tee,Black,•7150,https://assets.supremenewyork.com/186914/ma/eiUIg9PU_5M.jpg,All cotton classic Supreme t-shirt with printed graphic on front.
Black Cat Tee,Pale Mint,•7150,https://assets.supremenewyork.com/186884/ma/6hTtzvHF73I.jpg,All cotton classic Supreme t-shirt with printed graphic on front.
Black Cat Tee,Burnt Orange,•7150,https://assets.supremenewyork.com/186889/ma/y_kdgBHNOGM.jpg,All cotton classic Supreme t-shirt with printed graphic on front.
Black Cat Tee,Red,•7150,https://assets.supremenewyork.com/186895/ma/Ptzoc0nF30s.jpg,All cotton classic Supreme t-shirt with printed graphic on front.
Black Cat Tee,Light Slate,•7150,https://assets.supremenewyork.com/186909/ma/1C5515JWJfs.jpg,All cotton classic Supreme t-shirt with printed graphic on front.
Black Cat Tee,White,•7150,https://assets.supremenewyork.com/186898/ma/WJZsSloo4Mk.jpg,All cotton classic Supreme t-shirt with printed graphic on front.
Loved By The Children Tee,Tie Dye,•7150,https://assets.supremenewyork.com/187010/ma/CYBTpaJlbDM.jpg,All cotton classic Supreme t-shirt with printed graphic on front.
Loved By The Children Tee,Light Pink,•7150,https://assets.supremenewyork.com/187006/ma/5Vt-BNOafQE.jpg,All cotton classic Supreme t-shirt with printed graphic on front.
Loved By The Children Tee,White,•7150,https://assets.supremenewyork.com/186973/ma/xRjsm3K8kt8.jpg,All cotton classic Supreme t-shirt with printed graphic on front.
Loved By The Children Tee,Black,•7150,https://assets.supremenewyork.com/187001/ma/atHLx7Utje8.jpg,All cotton classic Supreme t-shirt with printed graphic on front.
Loved By The Children Tee,Natural,•7150,https://assets.supremenewyork.com/186997/ma/9vFAo2uFrTM.jpg,All cotton classic Supreme t-shirt with printed graphic on front.
Loved By The Children Tee,Red,•7150,https://assets.supremenewyork.com/186990/ma/agTMVwzNkuo.jpg,All cotton classic Supreme t-shirt with printed graphic on front.
Loved By The Children Tee,Royal,•7150,https://assets.supremenewyork.com/186984/ma/ZGFQLtHWsQQ.jpg,All cotton classic Supreme t-shirt with printed graphic on front.
Loved By The Children Tee,Heather Grey,•7150,https://assets.supremenewyork.com/186978/ma/Pag_R92HJvI.jpg,All cotton classic Supreme t-shirt with printed graphic on front.
Masterpieces Tee,Natural,•7150,https://assets.supremenewyork.com/186625/ma/HKknRu58Z30.jpg,All cotton classic Supreme t-shirt with printed graphic on front.
Masterpieces Tee,Neon Orange,•7150,https://assets.supremenewyork.com/186595/ma/oMrFS4_ycwU.jpg,All cotton classic Supreme t-shirt with printed graphic on front.
Masterpieces Tee,Light Slate,•7150,https://assets.supremenewyork.com/186613/ma/QKb1CeCbuPg.jpg,All cotton classic Supreme t-shirt with printed graphic on front.
Masterpieces Tee,Light Purple,•7150,https://assets.supremenewyork.com/186600/ma/LRoR_QDDp74.jpg,All cotton classic Supreme t-shirt with printed graphic on front.
Masterpieces Tee,Black,•7150,https://assets.supremenewyork.com/186582/ma/3J0euDIah4U.jpg,All cotton classic Supreme t-shirt with printed graphic on front.
Masterpieces Tee,White,•7150,https://assets.supremenewyork.com/186587/ma/bfh-J5eJY8Y.jpg,All cotton classic Supreme t-shirt with printed graphic on front.
Masterpieces Tee,Red,•7150,https://assets.supremenewyork.com/186606/ma/MisyHj-DZL8.jpg,All cotton classic Supreme t-shirt with printed graphic on front.
Masterpieces Tee,Navy,•7150,https://assets.supremenewyork.com/186619/ma/vlVfN_fqzzo.jpg,All cotton classic Supreme t-shirt with printed graphic on front.
GORE-TEX Long Bill Camp Cap ,Rammellzee Yellow,•9350,https://assets.supremenewyork.com/186393/ma/84_pEyEH91M.jpg,Waterproof breathable GORE-TEX poly Supreme camp cap with elastic closure and embroidered logo on side. Original artwork by Rammellzee.
GORE-TEX Long Bill Camp Cap ,Rammellzee Red,•9350,https://assets.supremenewyork.com/186395/ma/e7EfPiJ-NZs.jpg,Waterproof breathable GORE-TEX poly Supreme camp cap with elastic closure and embroidered logo on side. Original artwork by Rammellzee.
GORE-TEX Long Bill Camp Cap ,Black,•9350,https://assets.supremenewyork.com/186402/ma/zfwRRsR4BEE.jpg,Waterproof breathable GORE-TEX nylon Supreme camp cap with elastic closure and embroidered logo on side.
GORE-TEX Long Bill Camp Cap ,Green,•9350,https://assets.supremenewyork.com/186404/ma/bJ6Gz36k3vs.jpg,Waterproof breathable GORE-TEX nylon Supreme camp cap with elastic closure and embroidered logo on side.
Ribbon Boucl√© Camp Cap,White,•9900,https://assets.supremenewyork.com/186358/ma/wucLTQV41II.jpg,Cotton blend boucl√© Supreme camp cap with printed logo ribbon pattern.
Ribbon Boucl√© Camp Cap,Black,•9900,https://assets.supremenewyork.com/186364/ma/WFsY8NXOZRk.jpg,Cotton blend boucl√© Supreme camp cap with printed logo ribbon pattern.
Military Camp Cap,Blue Chocolate Chip Camo,•8800,https://assets.supremenewyork.com/186246/ma/MPV5NY0SPvA.jpg,All cotton Supreme camp cap with embroidered logo on side.
Military Camp Cap,Olive,•8800,https://assets.supremenewyork.com/186238/ma/SjX6CRo2fv4.jpg,All cotton Supreme camp cap with embroidered logo on side.
Military Camp Cap,Black,•8800,https://assets.supremenewyork.com/186224/ma/rg-VxrmuczA.jpg,All cotton Supreme camp cap with embroidered logo on side.
Military Camp Cap,Khaki,•8800,https://assets.supremenewyork.com/186228/ma/PlA8bZ4JB9g.jpg,All cotton Supreme camp cap with embroidered logo on side.
Military Camp Cap,Navy,•8800,https://assets.supremenewyork.com/186233/ma/o6ggLxUEVcA.jpg,All cotton Supreme camp cap with embroidered logo on side.
Military Camp Cap,Yellow,•8800,https://assets.supremenewyork.com/186210/ma/D0PH6wJmfyI.jpg,All cotton Supreme camp cap with embroidered logo on side.
Military Camp Cap,Red,•8800,https://assets.supremenewyork.com/186242/ma/6-6Ufsen1OY.jpg,All cotton Supreme camp cap with embroidered logo on side.
Supreme¬Æ/Vanson Leathers¬Æ Mesh Back 5-Panel,Green,•9900,https://assets.supremenewyork.com/185782/ma/HIheYsxaZB4.jpg,Cowhide leather 5-Panel hat with mesh back and snap closure. Embroidered logo patches on front and side with embroidered logo on back.
Supreme¬Æ/Vanson Leathers¬Æ Mesh Back 5-Panel,White,•9900,https://assets.supremenewyork.com/185817/ma/H19TPoX2XcI.jpg,Cowhide leather 5-Panel hat with mesh back and snap closure. Embroidered logo patches on front and side with embroidered logo on back.
Supreme¬Æ/Vanson Leathers¬Æ Mesh Back 5-Panel,Black,•9900,https://assets.supremenewyork.com/185803/ma/DwsGjBa8h1s.jpg,Cowhide leather 5-Panel hat with mesh back and snap closure. Embroidered logo patches on front and side with embroidered logo on back.
License Plate 6-Panel,Orange,•8250,https://assets.supremenewyork.com/185968/ma/0s1Vqyjd0oE.jpg,All cotton chino twill 6-Panel hat with self strap closure. Embroidered logos on front and back.
License Plate 6-Panel,Cranberry,•8250,https://assets.supremenewyork.com/185945/ma/cXYLH5dxzRQ.jpg,All cotton chino twill 6-Panel hat with self strap closure. Embroidered logos on front and back.
License Plate 6-Panel,Olive,•8250,https://assets.supremenewyork.com/185958/ma/Nuc0PIoG0o8.jpg,All cotton chino twill 6-Panel hat with self strap closure. Embroidered logos on front and back.
License Plate 6-Panel,Denim,•8250,https://assets.supremenewyork.com/185976/ma/hw5nL9EXtNg.jpg,All cotton chino twill 6-Panel hat with self strap closure. Embroidered logos on front and back.
License Plate 6-Panel,Light Purple,•8250,https://assets.supremenewyork.com/185963/ma/1eMcs8L87YU.jpg,All cotton chino twill 6-Panel hat with self strap closure. Embroidered logos on front and back.
License Plate 6-Panel,Black,•8250,https://assets.supremenewyork.com/185986/ma/u2AnmZRg3eQ.jpg,All cotton chino twill 6-Panel hat with self strap closure. Embroidered logos on front and back.
Corduroy 6-Panel,Bright Blue,•8250,https://assets.supremenewyork.com/186341/ma/WnBwPhXHioY.jpg,All cotton corduroy 6-Panel hat with self strap closure. Embroidered logos on front and back.
Corduroy 6-Panel,White,•8250,https://assets.supremenewyork.com/186349/ma/V8FsGzHrtgM.jpg,All cotton corduroy 6-Panel hat with self strap closure. Embroidered logos on front and back.
Corduroy 6-Panel,Black,•8250,https://assets.supremenewyork.com/186322/ma/uHFO5HqfQrw.jpg,All cotton corduroy 6-Panel hat with self strap closure. Embroidered logos on front and back.
Corduroy 6-Panel,Neon Yellow,•8250,https://assets.supremenewyork.com/186326/ma/vxBGxMeDsf4.jpg,All cotton corduroy 6-Panel hat with self strap closure. Embroidered logos on front and back.
Corduroy 6-Panel,Purple,•8250,https://assets.supremenewyork.com/186314/ma/SEL0IhMJSGc.jpg,All cotton corduroy 6-Panel hat with self strap closure. Embroidered logos on front and back.
Corduroy 6-Panel,Red,•8250,https://assets.supremenewyork.com/186344/ma/MzEK5LoxI0s.jpg,All cotton corduroy 6-Panel hat with self strap closure. Embroidered logos on front and back.
Corduroy 6-Panel,Light Grey,•8250,https://assets.supremenewyork.com/186336/ma/7GrJOWv5ePs.jpg,All cotton corduroy 6-Panel hat with self strap closure. Embroidered logos on front and back.
$1M Metallic Box Logo New Era¬Æ,Black,•9350,https://assets.supremenewyork.com/185775/ma/JsQ5dLVs5RY.jpg,All wool New Era¬Æ 59FIFTY baseball hat with metallic embroideries on front sides and back.
$1M Metallic Box Logo New Era¬Æ,Yellow,•9350,https://assets.supremenewyork.com/185791/ma/ohfFL9V4o_w.jpg,All wool New Era¬Æ 59FIFTY baseball hat with metallic embroideries on front sides and back.
$1M Metallic Box Logo New Era¬Æ,Green,•9350,https://assets.supremenewyork.com/185752/ma/U589kZN8MsU.jpg,All wool New Era¬Æ 59FIFTY baseball hat with metallic embroideries on front sides and back.
$1M Metallic Box Logo New Era¬Æ,Purple,•9350,https://assets.supremenewyork.com/185783/ma/soVtG8gDbFA.jpg,All wool New Era¬Æ 59FIFTY baseball hat with metallic embroideries on front sides and back.
$1M Metallic Box Logo New Era¬Æ,Red,•9350,https://assets.supremenewyork.com/185732/ma/hwHCRTGJW6E.jpg,All wool New Era¬Æ 59FIFTY baseball hat with metallic embroideries on front sides and back.
$1M Metallic Box Logo New Era¬Æ,Light Blue,•9350,https://assets.supremenewyork.com/185798/ma/z4Rs3JvN8hs.jpg,All wool New Era¬Æ 59FIFTY baseball hat with metallic embroideries on front sides and back.
Jacquard Linen Crusher,Red,•9900,https://assets.supremenewyork.com/186962/ma/3QLAqWNiurQ.jpg,Linen blend crusher with jacquard logo pattern.
Jacquard Linen Crusher,Tan,•9900,https://assets.supremenewyork.com/186982/ma/SQCXKFSUz-o.jpg,Linen blend crusher with jacquard logo pattern.
Jacquard Linen Crusher,Cyan,•9900,https://assets.supremenewyork.com/186976/ma/89qEYfVy3b0.jpg,Linen blend crusher with jacquard logo pattern.
Jacquard Linen Crusher,Black,•9900,https://assets.supremenewyork.com/186993/ma/ZB9XoqOfz4A.jpg,Linen blend crusher with jacquard logo pattern.
Reserved Beanie,Bright Yellow,•5500,https://assets.supremenewyork.com/186705/ma/c7-mVvgJGkI.jpg,Acrylic cuffed beanie with embroidered logo on cuff.
Reserved Beanie,Navy,•5500,https://assets.supremenewyork.com/186690/ma/8zWRxlauaQs.jpg,Acrylic cuffed beanie with embroidered logo on cuff.
Reserved Beanie,Tan,•5500,https://assets.supremenewyork.com/186681/ma/bizOMDNfvN8.jpg,Acrylic cuffed beanie with embroidered logo on cuff.
Reserved Beanie,Work Teal,•5500,https://assets.supremenewyork.com/186674/ma/CyKZIUOj6LU.jpg,Acrylic cuffed beanie with embroidered logo on cuff.
Reserved Beanie,Red,•5500,https://assets.supremenewyork.com/186665/ma/Fu-DFb4Fi34.jpg,Acrylic cuffed beanie with embroidered logo on cuff.
Reserved Beanie,Black,•5500,https://assets.supremenewyork.com/186659/ma/yWo3k-HyNx4.jpg,Acrylic cuffed beanie with embroidered logo on cuff.
Reserved Beanie,Purple,•5500,https://assets.supremenewyork.com/186697/ma/7E8OCQVRwCg.jpg,Acrylic cuffed beanie with embroidered logo on cuff.
Overdyed Beanie,Mixed Red,•5500,https://assets.supremenewyork.com/186564/ma/F5d4m3e3oFQ.jpg,All cotton cuffed beanie with woven logo label on cuff.
Overdyed Beanie,Mixed Light Blue,•5500,https://assets.supremenewyork.com/186530/ma/WvWrEOZ3_3I.jpg,All cotton cuffed beanie with woven logo label on cuff.
Overdyed Beanie,Black,•5500,https://assets.supremenewyork.com/186537/ma/3ISBZFMYDww.jpg,All cotton cuffed beanie with woven logo label on cuff.
Overdyed Beanie,Dark Royal,•5500,https://assets.supremenewyork.com/186550/ma/KQWCzSN_Z6E.jpg,All cotton cuffed beanie with woven logo label on cuff.
Overdyed Beanie,White,•5500,https://assets.supremenewyork.com/186570/ma/NKgmMikQp6A.jpg,All cotton cuffed beanie with woven logo label on cuff.
Overdyed Beanie,Magenta,•5500,https://assets.supremenewyork.com/186558/ma/R0fnGuL4MzQ.jpg,All cotton cuffed beanie with woven logo label on cuff.
Overdyed Beanie,Mint,•5500,https://assets.supremenewyork.com/186544/ma/CYmLliBApW0.jpg,All cotton cuffed beanie with woven logo label on cuff.
Overdyed Beanie,Tangerine,•5500,https://assets.supremenewyork.com/186577/ma/SxV_zwOdvKw.jpg,All cotton cuffed beanie with woven logo label on cuff.
New York Beanie,White,•5500,https://assets.supremenewyork.com/186795/ma/yq0dKh_zwTM.jpg,Acrylic cuffed beanie with knit graphic and logo on crown and cuff.
New York Beanie,Dark Orange,•5500,https://assets.supremenewyork.com/186824/ma/txD41IKZX3E.jpg,Acrylic cuffed beanie with knit graphic and logo on crown and cuff.
New York Beanie,Black,•5500,https://assets.supremenewyork.com/186809/ma/CjXft1_UdmI.jpg,Acrylic cuffed beanie with knit graphic and logo on crown and cuff.
Backpack,Blue Chocolate Chip Camo,•24200,https://assets.supremenewyork.com/186874/ma/PyFnE01z2tU.jpg,610D Cordura¬Æ poly with PVC-coated mesh and embossed logo lining. Main zip compartment with single layer laptop sleeve. Additional zip compartment zip front pocket top zip pocket and elastic mesh side pockets. Padded mesh back panel and compression straps with buckle closures at straps and sides. 3M¬Æ Reflective printed logos at front and back with woven logo label at lower front. 25L.
Backpack,Gold,•24200,https://assets.supremenewyork.com/186892/ma/_5yxozt0xfQ.jpg,610D Cordura¬Æ poly with PVC-coated mesh and embossed logo lining. Main zip compartment with single layer laptop sleeve. Additional zip compartment zip front pocket top zip pocket and elastic mesh side pockets. Padded mesh back panel and compression straps with buckle closures at straps and sides. 3M¬Æ Reflective printed logos at front and back with woven logo label at lower front. 25L.
Backpack,Dark Red,•24200,https://assets.supremenewyork.com/186859/ma/vnvvaqZGFdg.jpg,610D Cordura¬Æ poly with PVC-coated mesh and embossed logo lining. Main zip compartment with single layer laptop sleeve. Additional zip compartment zip front pocket top zip pocket and elastic mesh side pockets. Padded mesh back panel and compression straps with buckle closures at straps and sides. 3M¬Æ Reflective printed logos at front and back with woven logo label at lower front. 25L.
Backpack,Black,•24200,https://assets.supremenewyork.com/186840/ma/VX1W2NgKRbk.jpg,610D Cordura¬Æ poly with PVC-coated mesh and embossed logo lining. Main zip compartment with single layer laptop sleeve. Additional zip compartment zip front pocket top zip pocket and elastic mesh side pockets. Padded mesh back panel and compression straps with buckle closures at straps and sides. 3M¬Æ Reflective printed logos at front and back with woven logo label at lower front. 25L.
Big Duffle Bag ,Black,•18700,https://assets.supremenewyork.com/186435/ma/NvyX8bfsWvg.jpg,610D Cordura¬Æ poly with PVC-coated mesh and embossed logo lining. Main zip compartment with internal zip and velcro pouch pockets. Adjustable shoulder strap. 3M¬Æ Reflective printed logos on base and bottom with woven logo label at side. 48L.
Big Duffle Bag ,Dark Red,•18700,https://assets.supremenewyork.com/186495/ma/k_d9G3EctYM.jpg,610D Cordura¬Æ poly with PVC-coated mesh and embossed logo lining. Main zip compartment with internal zip and velcro pouch pockets. Adjustable shoulder strap. 3M¬Æ Reflective printed logos on base and bottom with woven logo label at side. 48L.
Big Duffle Bag ,Blue Chocolate Chip Camo,•18700,https://assets.supremenewyork.com/186532/ma/43WV8d8kc94.jpg,610D Cordura¬Æ poly with PVC-coated mesh and embossed logo lining. Main zip compartment with internal zip and velcro pouch pockets. Adjustable shoulder strap. 3M¬Æ Reflective printed logos on base and bottom with woven logo label at side. 48L.
Big Duffle Bag ,Gold,•18700,https://assets.supremenewyork.com/186458/ma/EI1sty9uB2w.jpg,610D Cordura¬Æ poly with PVC-coated mesh and embossed logo lining. Main zip compartment with internal zip and velcro pouch pockets. Adjustable shoulder strap. 3M¬Æ Reflective printed logos on base and bottom with woven logo label at side. 48L.
Waist Bag,Dark Red,•13200,https://assets.supremenewyork.com/187093/ma/o5_ai1w3Xvw.jpg,610D Cordura¬Æ poly with PVC-coated mesh and embossed logo lining. Main zip compartment with internal zip pocket. Front zip compartment left mesh side pocket with buckle flap closure and right side pocket with elastic shockcord closure. Top flap with buckle closures D-rings and zip mesh pocket. Adjustable waist and shoulder straps. 3M¬Æ Reflective printed logo at front flap and woven logo label at lower front. 6L.
Waist Bag,Black,•13200,https://assets.supremenewyork.com/187068/ma/8slTjh5O36g.jpg,610D Cordura¬Æ poly with PVC-coated mesh and embossed logo lining. Main zip compartment with internal zip pocket. Front zip compartment left mesh side pocket with buckle flap closure and right side pocket with elastic shockcord closure. Top flap with buckle closures D-rings and zip mesh pocket. Adjustable waist and shoulder straps. 3M¬Æ Reflective printed logo at front flap and woven logo label at lower front. 6L.
Waist Bag,Blue Chocolate Chip Camo,•13200,https://assets.supremenewyork.com/187044/ma/W7KkEx376rE.jpg,610D Cordura¬Æ poly with PVC-coated mesh and embossed logo lining. Main zip compartment with internal zip pocket. Front zip compartment left mesh side pocket with buckle flap closure and right side pocket with elastic shockcord closure. Top flap with buckle closures D-rings and zip mesh pocket. Adjustable waist and shoulder straps. 3M¬Æ Reflective printed logo at front flap and woven logo label at lower front. 6L.
Waist Bag,Gold,•13200,https://assets.supremenewyork.com/186995/ma/V02gODce084.jpg,610D Cordura¬Æ poly with PVC-coated mesh and embossed logo lining. Main zip compartment with internal zip pocket. Front zip compartment left mesh side pocket with buckle flap closure and right side pocket with elastic shockcord closure. Top flap with buckle closures D-rings and zip mesh pocket. Adjustable waist and shoulder straps. 3M¬Æ Reflective printed logo at front flap and woven logo label at lower front. 6L.
Small Shoulder Bag,Blue Chocolate Chip Camo,•6600,https://assets.supremenewyork.com/186657/ma/p8bDJQvFF-o.jpg,610D Cordura¬Æ poly with PVC-coated mesh and embossed logo lining. Main zip compartment and front zip pocket. Adjustable shoulder strap. 3M¬Æ Reflective printed logo at front. 0.9L.
Small Shoulder Bag,Gold,•6600,https://assets.supremenewyork.com/186624/ma/CLHLSrXeW4o.jpg,610D Cordura¬Æ poly with PVC-coated mesh and embossed logo lining. Main zip compartment and front zip pocket. Adjustable shoulder strap. 3M¬Æ Reflective printed logo at front. 0.9L.
Small Shoulder Bag,Dark Red,•6600,https://assets.supremenewyork.com/186562/ma/eoVAWkDejAY.jpg,610D Cordura¬Æ poly with PVC-coated mesh and embossed logo lining. Main zip compartment and front zip pocket. Adjustable shoulder strap. 3M¬Æ Reflective printed logo at front. 0.9L.
Small Shoulder Bag,Black,•6600,https://assets.supremenewyork.com/186594/ma/yfmr1jUVWCE.jpg,610D Cordura¬Æ poly with PVC-coated mesh and embossed logo lining. Main zip compartment and front zip pocket. Adjustable shoulder strap. 3M¬Æ Reflective printed logo at front. 0.9L.
Utility Pouch,Blue Chocolate Chip Camo,•4400,https://assets.supremenewyork.com/186695/ma/kg4W8r7AqDc.jpg,PVC-coated mesh with zip compartment and woven logo label at front. 2L.
Utility Pouch,Black,•4400,https://assets.supremenewyork.com/186761/ma/T_oLDA_b340.jpg,PVC-coated mesh with zip compartment and woven logo label at front. 2L.
Utility Pouch,Dark Red,•4400,https://assets.supremenewyork.com/186740/ma/J6venJVwAnI.jpg,PVC-coated mesh with zip compartment and woven logo label at front. 2L.
Utility Pouch,Gold,•4400,https://assets.supremenewyork.com/186721/ma/6HrL9p3v6gc.jpg,PVC-coated mesh with zip compartment and woven logo label at front. 2L.
Supreme¬Æ/Numark¬Æ PT01 Portable Turntable,Red,•24200,https://assets.supremenewyork.com/186561/ma/KzFjy-8Gfxs.jpg,Portable turntable with built-in speaker. Printed logos on removable dust cover and interior. 30 x 30 x 10cm. Made exclusively for Supreme.
Name Plate 14K Gold Pendant,Gold,•79200,https://assets.supremenewyork.com/187408/ma/VvI3-wlr2Ac.jpg,14K gold pendant with stamped logo at back and 60cm 14K gold chain.
Supreme¬Æ/Leatherman¬Æ Rebar¬Æ,Red,•19800,https://assets.supremenewyork.com/186964/ma/JDsRp0jvhzg.jpg,"17-piece stainless steel multi-tool with etched logo. 4"" closed with 2.9"" primary blade. Made exclusively for Supreme."
Glow-in-the-Dark Zippo¬Æ,Glow-in-the-Dark,•9900,https://assets.supremenewyork.com/187152/ma/fbfhkLsPMdY.jpg,Glow-in-the-dark printed lighter with knockout logo. Made exclusively for Supreme.
Supreme¬Æ/Nalgene¬Æ 32 oz. Bottle,Red,•6600,https://assets.supremenewyork.com/186438/ma/XaZ0q8ybyU8.jpg,32 oz. BPA free Tritan polymer wide-mouth water bottle with printed logo. Neoprene sleeve with drawcord D-ring and printed logo. Made exclusively for Supreme.
Supreme¬Æ/Nalgene¬Æ 32 oz. Bottle,Black,•6600,https://assets.supremenewyork.com/186456/ma/3avaYZyAwDg.jpg,32 oz. BPA free Tritan polymer wide-mouth water bottle with printed logo. Neoprene sleeve with drawcord D-ring and printed logo. Made exclusively for Supreme.
Beaded Keychain,Multicolor,•3300,https://assets.supremenewyork.com/187155/ma/UUfsC-_Fbzg.jpg,"Beaded logo keychain with 1"" keyring."
Beaded Keychain,Red,•3300,https://assets.supremenewyork.com/187156/ma/JrqX4qyHKdI.jpg,"Beaded logo keychain with 1"" keyring."
Beaded Keychain,Black,•3300,https://assets.supremenewyork.com/187157/ma/YFqPlnUMf3I.jpg,"Beaded logo keychain with 1"" keyring."
Supreme¬Æ/Audubon‚Ñ¢ Bird Call,Red,•3300,https://assets.supremenewyork.com/186507/ma/TrfKy1pxa4o.jpg,"Birch wood cylinder with engraved logos cast zinc plug and 1"" keyring. Rosin powder capsule included. 2.25‚Äù."
Supreme¬Æ/Hanes¬Æ Tagless Tees (3 Pack),White,•5500,https://assets.supremenewyork.com/187337/ma/JPRgrUcLyGI.jpg,All cotton classic Hanes¬Æ crewneck tee with stamped logo on lower front.
Supreme¬Æ/Hanes¬Æ Tagless Tees (3 Pack),Black,•5500,https://assets.supremenewyork.com/187338/ma/2ik9VnSUpa8.jpg,All cotton classic Hanes¬Æ crewneck tee with stamped logo on lower front.
Supreme¬Æ/Hanes¬Æ Crew Socks (4 Pack),Red,•3520,https://assets.supremenewyork.com/187344/ma/DlTlIWGthhA.jpg,Cotton blend Hanes¬Æ cushion comfort crew sock with jacquard logo at top.
Supreme¬Æ/Hanes¬Æ Crew Socks (4 Pack),White,•3520,https://assets.supremenewyork.com/187346/ma/Zndju1qIaQ0.jpg,Cotton blend Hanes¬Æ cushion comfort crew sock with jacquard logo at top.
Supreme¬Æ/Hanes¬Æ Crew Socks (4 Pack),Black,•3520,https://assets.supremenewyork.com/187345/ma/hgSIvmecSrA.jpg,Cotton blend Hanes¬Æ cushion comfort crew sock with jacquard logo at top.
Supreme¬Æ/Hanes¬Æ Boxer Briefs (4 Pack),White,•6600,https://assets.supremenewyork.com/187348/ma/TThiUXQ8Fns.jpg,All cotton classic Hanes¬Æ boxer brief.
Supreme¬Æ/Hanes¬Æ Boxer Briefs (4 Pack),Black,•6600,https://assets.supremenewyork.com/187349/ma/XWp55qH49-I.jpg,All cotton classic Hanes¬Æ boxer brief.
Supreme¬Æ/Spitfire¬Æ Classic Wheels (Set of 4),Red 51MM,•6600,https://assets.supremenewyork.com/187351/ma/rAZT0Cq3f-Y.jpg,Classic Spitfire¬Æ wheels with custom Supreme art. Each size sold separately as a set of four wheels. 51mm & 53mm wheels are classic 99D hard urethane. 58mm wheel is an 80D soft cruiser. Made exclusively for Supreme.
Supreme¬Æ/Spitfire¬Æ Classic Wheels (Set of 4),Gold 58MM,•6600,https://assets.supremenewyork.com/187352/ma/ecqxr8F4-a4.jpg,Classic Spitfire¬Æ wheels with custom Supreme art. Each size sold separately as a set of four wheels. 51mm & 53mm wheels are classic 99D hard urethane. 58mm wheel is an 80D soft cruiser. Made exclusively for Supreme.
Supreme¬Æ/Spitfire¬Æ Classic Wheels (Set of 4),White 53MM,•6600,https://assets.supremenewyork.com/187353/ma/p3cQVAOFnfs.jpg,Classic Spitfire¬Æ wheels with custom Supreme art. Each size sold separately as a set of four wheels. 51mm & 53mm wheels are classic 99D hard urethane. 58mm wheel is an 80D soft cruiser. Made exclusively for Supreme.
Supreme¬Æ/Independent¬Æ Truck,Silver,•8800,https://assets.supremenewyork.com/186887/ma/shnNoO471Cg.jpg,Classic Independent¬Æ truck with custom Supreme art. Each size sold separately as a pair of two trucks. Made exclusively for Supreme.
Tupac Hologram Skateboard,"Black - 8.5"" x 32.25""",•13200,https://assets.supremenewyork.com/186516/ma/MDA_ktOYJWY.jpg,Supreme skate deck with natural veneer and black top ply. Printed graphic on bottom with printed World Famous and box logo on top.
Cherries Skateboard,"8.25"" x 32""",•11000,https://assets.supremenewyork.com/187167/ma/kY3ygD-glpc.jpg,Supreme skate deck with natural veneer and black top ply. Printed graphic on bottom with printed World Famous and box logo on top.
Bling Skateboard,"8.125"" x 32""",•11000,https://assets.supremenewyork.com/187534/ma/13mLn_aQU24.jpg,Supreme skate deck with natural veneer and black top ply. Printed graphic on bottom with printed World Famous and box logo on top.
Distorted Logo Skateboard,"Yellow - 8.375"" x 32.125""",•11000,https://assets.supremenewyork.com/187257/ma/EwuPP1vEu04.jpg,Supreme skate deck with natural veneer and black top ply. Printed logo pattern on bottom with printed World Famous and box logo on top.
Distorted Logo Skateboard,"Black - 8.5"" x 32.25""",•11000,https://assets.supremenewyork.com/187258/ma/YiZbQ57zhFM.jpg,Supreme skate deck with natural veneer and black top ply. Printed logo pattern on bottom with printed World Famous and box logo on top.
